{"cameraMode":{"drawMode":0,"name":"Shaded","section":"Shading Mode"},"sceneLighting":true,"audioPlay":false,"sceneViewState":{"showFog":true,"showMaterialUpdate":false,"showSkybox":true,"showFlares":true,"showImageEffects":true,"showParticleSystems":true},"in2DMode":false,"pivot":{"x":-37.40397644042969,"y":4.052699565887451,"z":-12.228456497192383},"rotation":{"x":-0.24623781442642213,"y":0.12144739180803299,"z":-0.031185347586870195,"w":-0.961137056350708},"size":3.8793561458587648,"orthographic":false}