{"cameraMode":{"drawMode":0,"name":"Shaded","section":"Shading Mode"},"sceneLighting":false,"audioPlay":false,"sceneViewState":{"showFog":true,"showMaterialUpdate":false,"showSkybox":false,"showFlares":true,"showImageEffects":true,"showParticleSystems":true},"in2DMode":false,"pivot":{"x":5.734742641448975,"y":-0.778827428817749,"z":6.534609794616699},"rotation":{"x":0.04837951436638832,"y":0.8006024360656738,"z":-0.06524358689785004,"w":0.5937415361404419},"size":5.6082329750061039,"orthographic":false}