{"cameraMode":{"drawMode":0,"name":"Shaded","section":"Shading Mode"},"sceneLighting":false,"audioPlay":false,"sceneViewState":{"showFog":true,"showMaterialUpdate":false,"showSkybox":false,"showFlares":true,"showImageEffects":true,"showParticleSystems":true},"in2DMode":false,"pivot":{"x":-4.071651458740234,"y":-8.038851737976075,"z":136.8295440673828},"rotation":{"x":0.1639045923948288,"y":-0.07332320511341095,"z":0.01225328166037798,"w":0.9837414622306824},"size":30.818696975708009,"orthographic":false}