{"cameraMode":{"drawMode":0,"name":"Shaded","section":"Shading Mode"},"sceneLighting":true,"audioPlay":false,"sceneViewState":{"showFog":true,"showMaterialUpdate":false,"showSkybox":true,"showFlares":true,"showImageEffects":true,"showParticleSystems":true},"in2DMode":false,"pivot":{"x":-16.814821243286134,"y":27.180545806884767,"z":74.75364685058594},"rotation":{"x":0.29920920729637148,"y":0.0578741692006588,"z":-0.01688491366803646,"w":0.9525305032730103},"size":1.2310791015625,"orthographic":false}