{"cameraMode":{"drawMode":0,"name":"Shaded","section":"Shading Mode"},"sceneLighting":true,"audioPlay":false,"sceneViewState":{"showFog":true,"showMaterialUpdate":false,"showSkybox":true,"showFlares":true,"showImageEffects":true,"showParticleSystems":true},"in2DMode":false,"pivot":{"x":-23.052734375,"y":3.7446277141571047,"z":50.72468185424805},"rotation":{"x":0.013008837588131428,"y":-0.0840214341878891,"z":0.003913284745067358,"w":0.9967078566551209},"size":1.0271316766738892,"orthographic":false}