{"cameraMode":{"drawMode":0,"name":"Shaded","section":"Shading Mode"},"sceneLighting":true,"audioPlay":false,"sceneViewState":{"showFog":true,"showMaterialUpdate":false,"showSkybox":true,"showFlares":true,"showImageEffects":true,"showParticleSystems":true},"in2DMode":false,"pivot":{"x":-64.93831634521485,"y":6.757034778594971,"z":140.8725128173828},"rotation":{"x":-0.13021640479564668,"y":0.013691835105419159,"z":-0.0018282034434378148,"w":-0.9914018511772156},"size":12.380581855773926,"orthographic":false}