{"cameraMode":{"drawMode":0,"name":"Shaded","section":"Shading Mode"},"sceneLighting":true,"audioPlay":false,"sceneViewState":{"showFog":true,"showMaterialUpdate":false,"showSkybox":true,"showFlares":true,"showImageEffects":true,"showParticleSystems":true},"in2DMode":false,"pivot":{"x":34.89500045776367,"y":11.367409706115723,"z":202.85299682617188},"rotation":{"x":0.010394187644124031,"y":-0.03418784588575363,"z":-0.00039284781087189913,"w":-0.9994316101074219},"size":38.18458557128906,"orthographic":false}