{"cameraMode":{"drawMode":0,"name":"Shaded","section":"Shading Mode"},"sceneLighting":false,"audioPlay":false,"sceneViewState":{"showFog":true,"showMaterialUpdate":false,"showSkybox":false,"showFlares":true,"showImageEffects":true,"showParticleSystems":true},"in2DMode":false,"pivot":{"x":-68.69915008544922,"y":-3.947340726852417,"z":141.94032287597657},"rotation":{"x":-0.36152732372283938,"y":-0.12780094146728517,"z":0.05006149038672447,"w":-0.9222297072410584},"size":13.252961158752442,"orthographic":false}