{"cameraMode":{"drawMode":0,"name":"Shaded","section":"Shading Mode"},"sceneLighting":true,"audioPlay":false,"sceneViewState":{"showFog":true,"showMaterialUpdate":false,"showSkybox":true,"showFlares":true,"showImageEffects":true,"showParticleSystems":true},"in2DMode":false,"pivot":{"x":-27.15859031677246,"y":2.6755120754241945,"z":69.44612884521485},"rotation":{"x":0.03616737201809883,"y":-0.6896833181381226,"z":-0.038443513214588168,"w":-0.7226672172546387},"size":1.0271316766738892,"orthographic":false}