{"cameraMode":{"drawMode":0,"name":"Shaded","section":"Shading Mode"},"sceneLighting":false,"audioPlay":false,"sceneViewState":{"showFog":true,"showMaterialUpdate":false,"showSkybox":false,"showFlares":true,"showImageEffects":true,"showParticleSystems":true},"in2DMode":false,"pivot":{"x":-22.947017669677736,"y":8.98513126373291,"z":127.61830139160156},"rotation":{"x":-0.019730573520064355,"y":0.7815237641334534,"z":-0.02543805167078972,"w":-0.623306930065155},"size":6.368869781494141,"orthographic":false}