{"cameraMode":{"drawMode":0,"name":"Shaded","section":"Shading Mode"},"sceneLighting":false,"audioPlay":false,"sceneViewState":{"showFog":true,"showMaterialUpdate":false,"showSkybox":false,"showFlares":true,"showImageEffects":true,"showParticleSystems":true},"in2DMode":false,"pivot":{"x":-39.490543365478519,"y":-2.051168441772461,"z":-26.05834197998047},"rotation":{"x":0.08695624023675919,"y":0.7518179416656494,"z":-0.10092171281576157,"w":0.6459521055221558},"size":1.4368878602981568,"orthographic":false}