{"cameraMode":{"drawMode":0,"name":"Shaded","section":"Shading Mode"},"sceneLighting":false,"audioPlay":false,"sceneViewState":{"showFog":true,"showMaterialUpdate":false,"showSkybox":false,"showFlares":true,"showImageEffects":true,"showParticleSystems":true},"in2DMode":false,"pivot":{"x":322.5186767578125,"y":140.36573791503907,"z":135.4222869873047},"rotation":{"x":0.05557294562458992,"y":-0.005382082890719175,"z":0.0004993290640413761,"w":0.9985111355781555},"size":220.01812744140626,"orthographic":false}