{"cameraMode":{"drawMode":0,"name":"Shaded","section":"Shading Mode"},"sceneLighting":false,"audioPlay":false,"sceneViewState":{"showFog":true,"showMaterialUpdate":false,"showSkybox":false,"showFlares":true,"showImageEffects":true,"showParticleSystems":true},"in2DMode":false,"pivot":{"x":-9.520842552185059,"y":9.816269874572754,"z":131.9709930419922},"rotation":{"x":0.032570745795965198,"y":0.5297907590866089,"z":-0.01994124799966812,"w":0.8474785089492798},"size":6.210306167602539,"orthographic":false}