{"cameraMode":{"drawMode":0,"name":"Shaded","section":"Shading Mode"},"sceneLighting":true,"audioPlay":false,"sceneViewState":{"showFog":true,"showMaterialUpdate":false,"showSkybox":true,"showFlares":true,"showImageEffects":true,"showParticleSystems":true},"in2DMode":false,"pivot":{"x":-27.644306182861329,"y":2.913346290588379,"z":40.302162170410159},"rotation":{"x":-0.0028449606616050007,"y":-0.9758157730102539,"z":-0.0008593623642809689,"w":-0.2201126366853714},"size":1.0271316766738892,"orthographic":false}