{"cameraMode":{"drawMode":0,"name":"Shaded","section":"Shading Mode"},"sceneLighting":false,"audioPlay":false,"sceneViewState":{"showFog":true,"showMaterialUpdate":false,"showSkybox":false,"showFlares":true,"showImageEffects":true,"showParticleSystems":true},"in2DMode":false,"pivot":{"x":81.26676940917969,"y":3.1247074604034426,"z":194.57403564453126},"rotation":{"x":0.015899740159511567,"y":0.2840598523616791,"z":-0.0047712125815451149,"w":0.958794355392456},"size":11.700691223144532,"orthographic":false}