{"cameraMode":{"drawMode":0,"name":"Shaded","section":"Shading Mode"},"sceneLighting":false,"audioPlay":false,"sceneViewState":{"showFog":true,"showMaterialUpdate":false,"showSkybox":false,"showFlares":true,"showImageEffects":true,"showParticleSystems":true},"in2DMode":false,"pivot":{"x":-23.181215286254884,"y":0.5236157774925232,"z":118.74821472167969},"rotation":{"x":0.12512649595737458,"y":-0.18109123408794404,"z":0.023234497755765916,"w":0.9752867817878723},"size":16.867910385131837,"orthographic":false}