{"cameraMode":{"drawMode":0,"name":"Shaded","section":"Shading Mode"},"sceneLighting":false,"audioPlay":false,"sceneViewState":{"showFog":true,"showMaterialUpdate":false,"showSkybox":false,"showFlares":true,"showImageEffects":true,"showParticleSystems":true},"in2DMode":false,"pivot":{"x":16.947843551635743,"y":7.372957706451416,"z":110.9537582397461},"rotation":{"x":-0.00007264754822244868,"y":-0.9996986985206604,"z":-0.002903498476371169,"w":-0.026734372600913049},"size":38.008487701416019,"orthographic":false}