{"cameraMode":{"drawMode":0,"name":"Shaded","section":"Shading Mode"},"sceneLighting":false,"audioPlay":false,"sceneViewState":{"showFog":true,"showMaterialUpdate":false,"showSkybox":false,"showFlares":true,"showImageEffects":true,"showParticleSystems":true},"in2DMode":false,"pivot":{"x":-0.021350271999835969,"y":1.076785922050476,"z":0.10030583292245865},"rotation":{"x":0.0021415359806269409,"y":0.9964973330497742,"z":-0.08670684695243836,"w":-0.002890240866690874},"size":1.0271319150924683,"orthographic":false}